card_name,is_removal,is_mana_producer,produced_colours,dependency_tags,dependency_min_support,dependency_scope,oracle_text
"Abigale, Eloquent First-Year",False,False,,,,,"Flying, first strike, lifelink
When Abigale enters, up to one other target creature loses all abilities. Put a flying counter, a first strike counter, and a lifelink counter on that creature."
Adept Watershaper,False,False,,,,,Other tapped creatures you control have indestructible.
"Ajani, Outland Chaperone",True,False,,kithkin,4,tribal,"+1: Create a 1/1 green and white Kithkin creature token.
−2: Ajani deals 4 damage to target tapped creature.
−8: Look at the top X cards of your library, where X is your life total. You may put any number of nonland permanent cards with mana value 3 or less from among them onto the battlefield. Then shuffle."
Appeal to Eirdu,False,False,,,,,"Convoke (Your creatures can help cast this spell. Each creature you tap while casting this spell pays for {1} or one mana of that creature's color.)
One or two target creatures each get +2/+1 until end of turn."
Aquitect's Defenses,False,False,,,,,"Flash
Enchant creature you control
When this Aura enters, enchanted creature gains hexproof until end of turn. (It can't be the target of spells or abilities your opponents control.)
Enchanted creature gets +1/+2."
"Ashling, Rekindled // Ashling, Rimebound",False,True,WUBRG,,,,"Whenever this creature enters or transforms into Ashling, Rekindled, you may discard a card. If you do, draw a card.
At the beginning of your first main phase, you may pay {U}. If you do, transform Ashling."
Ashling's Command,True,False,,elemental,4,tribal,"Choose two —
• Create a token that's a copy of target Elemental you control.
• Target player draws two cards.
• Ashling's Command deals 2 damage to each creature target player controls.
• Target player creates two Treasure tokens."
Assert Perfection,False,False,,,,,Target creature you control gets +1/+0 until end of turn. It deals damage equal to its power to up to one target creature an opponent controls.
Auntie's Sentence,True,False,,,,,"Choose one —
• Target opponent reveals their hand. You choose a nonland permanent card from it. That player discards that card.
• Target creature gets -2/-2 until end of turn."
Aurora Awakener,False,False,,,,,"Trample
Vivid — When this creature enters, reveal cards from the top of your library until you reveal X permanent cards, where X is the number of colors among permanents you control. Put any number of those permanent cards onto the battlefield, then put the rest of the revealed cards on the bottom of your library in a random order."
Barbed Bloodletter,False,False,,,,,"Flash
When this Equipment enters, attach it to target creature you control. That creature gains wither until end of turn. (It deals damage to creatures in the form of -1/-1 counters.)
Equipped creature gets +1/+2.
Equip {2}"
Bark of Doran,False,False,,,,,"Equipped creature gets +0/+1.
As long as equipped creature's toughness is greater than its power, it assigns combat damage equal to its toughness rather than its power.
Equip {1} ({1}: Attach to target creature you control. Equip only as a sorcery.)"
Bile-Vial Boggart,False,False,,,,,"When this creature dies, put a -1/-1 counter on up to one target creature."
Bitterbloom Bearer,False,False,,faerie,4,tribal,"Flash
Flying
At the beginning of your upkeep, you lose 1 life and create a 1/1 blue and black Faerie creature token with flying."
Blight Rot,False,False,,,,,Put four -1/-1 counters on target creature.
Blighted Blackthorn,False,False,,,,,"Whenever this creature enters or attacks, you may blight 2. If you do, you draw a card and lose 1 life. (To blight 2, put two -1/-1 counters on a creature you control.)"
Blood Crypt,False,True,BR,,,,"({T}: Add {B} or {R}.)
As this land enters, you may pay 2 life. If you don't, it enters tapped."
Bloodline Bidding,False,False,,,,,"Convoke (Your creatures can help cast this spell. Each creature you tap while casting this spell pays for {1} or one mana of that creature's color.)
Choose a creature type. Return all creature cards of the chosen type from your graveyard to the battlefield."
Bloom Tender,False,True,WUBRG,,,,"Vivid — {T}: For each color among permanents you control, add one mana of that color."
Blossombind,False,False,,,,,"Enchant creature
When this Aura enters, tap enchanted creature.
Enchanted creature can't become untapped and can't have counters put on it."
Blossoming Defense,False,False,,,,,Target creature you control gets +2/+2 and gains hexproof until end of turn. (It can't be the target of spells or abilities your opponents control.)
Boggart Cursecrafter,False,False,,goblin,7,tribal,"Deathtouch
Whenever another Goblin you control dies, this creature deals 1 damage to each opponent."
Boggart Mischief,False,False,,goblin,7,tribal,"When this enchantment enters, you may blight 1. If you do, create two 1/1 black and red Goblin creature tokens. (To blight 1, put a -1/-1 counter on a creature you control.)
Whenever a Goblin creature you control dies, each opponent loses 1 life and you gain 1 life."
Boggart Prankster,False,False,,goblin,4,tribal,"Whenever you attack, target attacking Goblin you control gets +1/+0 until end of turn."
Bogslither's Embrace,True,False,,,,,"As an additional cost to cast this spell, blight 1 or pay {3}. (To blight 1, put a -1/-1 counter on a creature you control.)
Exile target creature."
Boldwyr Aggressor,False,False,,giant,5,tribal,"Double strike
Other Giants you control have double strike."
Boneclub Berserker,False,False,,goblin,7,tribal,This creature gets +2/+0 for each other Goblin you control.
Boulder Dash,True,False,,,,,Boulder Dash deals 2 damage to any target and 1 damage to any other target.
Brambleback Brute,False,False,,,,,"This creature enters with two -1/-1 counters on it.
{1}{R}, Remove a counter from this creature: Target creature can't block this turn. Activate only as a sorcery."
Bre of Clan Stoutarm,False,False,,,,,"{1}{W}, {T}: Another target creature you control gains flying and lifelink until end of turn.
At the beginning of your end step, if you gained life this turn, exile cards from the top of your library until you exile a nonland card. You may cast that card without paying its mana cost if the spell's mana value is less than or equal to the amount of life you gained this turn. Otherwise, put it into your hand."
"Brigid, Clachan's Heart // Brigid, Doun's Mind",False,True,G,kithkin,4,tribal,"Whenever this creature enters or transforms into Brigid, Clachan's Heart, create a 1/1 green and white Kithkin creature token.
At the beginning of your first main phase, you may pay {G}. If you do, transform Brigid."
Brigid's Command,True,False,,kithkin,4,tribal,"Choose two —
• Create a token that's a copy of target Kithkin you control.
• Target player creates a 1/1 green and white Kithkin creature token.
• Target creature you control gets +3/+3 until end of turn.
• Target creature you control fights target creature an opponent controls."
Bristlebane Battler,False,False,,,,,"Trample, ward {2}
This creature enters with five -1/-1 counters on it.
Whenever another creature you control enters while this creature has a -1/-1 counter on it, remove a -1/-1 counter from this creature."
Bristlebane Outrider,False,False,,,,,"This creature can't be blocked by creatures with power 2 or less.
As long as another creature entered the battlefield under your control this turn, this creature gets +2/+0."
Burdened Stoneback,False,False,,,,,"This creature enters with two -1/-1 counters on it.
{1}{W}, Remove a counter from this creature: Target creature gains indestructible until end of turn. Activate only as a sorcery. (Damage and effects that say ""destroy"" don't destroy it. If its toughness is 0 or less, it still dies.)"
Burning Curiosity,False,False,,,,,"As an additional cost to cast this spell, you may blight 1. (You may put a -1/-1 counter on a creature you control.)
Exile the top two cards of your library. If this spell's additional cost was paid, exile the top three cards instead. Until the end of your next turn, you may play those cards."
Catharsis,False,False,,kithkin,4,tribal,"When this creature enters, if {W}{W} was spent to cast it, create two 1/1 green and white Kithkin creature tokens.
When this creature enters, if {R}{R} was spent to cast it, creatures you control get +1/+1 and gain haste until end of turn.
Evoke {R/W}{R/W} (You may cast this spell for its evoke cost. If you do, it's sacrificed when it enters.)"
Celestial Reunion,False,False,,,,,"As an additional cost to cast this spell, you may choose a creature type and behold two creatures of that type.
Search your library for a creature card with mana value X or less, reveal it, put it into your hand, then shuffle. If this spell's additional cost was paid and the revealed card is the chosen type, put that card onto the battlefield instead of putting it into your hand."
Champion of the Clachan,False,False,,kithkin,5,tribal,"Flash
As an additional cost to cast this spell, behold a Kithkin and exile it. (Exile a Kithkin you control or a Kithkin card from your hand.)
Other Kithkin you control get +1/+1.
When this creature leaves the battlefield, return the exiled card to its owner's hand."
Champion of the Path,False,False,,elemental,7,tribal,"As an additional cost to cast this spell, behold an Elemental and exile it. (Exile an Elemental you control or an Elemental card from your hand.)
Whenever another Elemental you control enters, it deals damage equal to its power to each opponent.
When this creature leaves the battlefield, return the exiled card to its owner's hand."
Champion of the Weird,False,False,,goblin,3,tribal,"As an additional cost to cast this spell, behold a Goblin and exile it. (Exile a Goblin you control or a Goblin card from your hand.)
Pay 1 life, Blight 2: Target opponent blights 2. Activate only as a sorcery.
When this creature leaves the battlefield, return the exiled card to its owner's hand."
Champions of the Perfect,False,False,,elf,7,tribal,"As an additional cost to cast this spell, behold an Elf and exile it. (Exile an Elf you control or an Elf card from your hand.)
Whenever you cast a creature spell, draw a card.
When this creature leaves the battlefield, return the exiled card to its owner's hand."
Champions of the Shoal,False,False,,merfolk,3,tribal,"As an additional cost to cast this spell, behold a Merfolk and exile it. (Exile a Merfolk you control or a Merfolk card from your hand.)
Whenever this creature enters or becomes tapped, tap up to one target creature and put a stun counter on it.
When this creature leaves the battlefield, return the exiled card to its owner's hand."
Changeling Wayfinder,False,False,,,,,"Changeling (This card is every creature type.)
When this creature enters, you may search your library for a basic land card, reveal it, put it into your hand, then shuffle."
Chaos Spewer,False,False,,,,,"When this creature enters, you may pay {2}. If you don't, blight 2. (To blight 2, put two -1/-1 counters on a creature you control.)"
Chitinous Graspling,False,False,,,,,"Changeling (This card is every creature type.)
Reach"
Chomping Changeling,False,False,,,,,"Changeling (This card is every creature type.)
When this creature enters, destroy up to one target artifact or enchantment."
Chronicle of Victory,False,False,,,,,"As Chronicle of Victory enters, choose a creature type.
Creatures you control of the chosen type get +2/+2 and have first strike and trample.
Whenever you cast a spell of the chosen type, draw a card."
Cinder Strike,True,False,,,,,"As an additional cost to cast this spell, you may blight 1. (You may put a -1/-1 counter on a creature you control.)
Cinder Strike deals 2 damage to target creature. It deals 4 damage to that creature instead if this spell's additional cost was paid."
Clachan Festival,False,False,,kithkin,4,tribal,"When this enchantment enters, create two 1/1 green and white Kithkin creature tokens.
{4}{W}: Create a 1/1 green and white Kithkin creature token."
Collective Inferno,False,False,,,,,"Convoke (Your creatures can help cast this spell. Each creature you tap while casting this spell pays for {1} or one mana of that creature's color.)
As this enchantment enters, choose a creature type.
Double all damage that sources you control of the chosen type would deal."
Creakwood Safewright,False,False,,elf,3,tribal,"This creature enters with three -1/-1 counters on it.
At the beginning of your end step, if there is an Elf card in your graveyard and this creature has a -1/-1 counter on it, remove a -1/-1 counter from this creature."
Crib Swap,True,False,,,,,"Changeling (This card is every creature type.)
Exile target creature. Its controller creates a 1/1 colorless Shapeshifter creature token with changeling."
Crossroads Watcher,False,False,,,,,"Trample
Whenever another creature you control enters, this creature gets +1/+0 until end of turn."
Curious Colossus,False,False,,,,,"When this creature enters, each creature target opponent controls loses all abilities, becomes a Coward in addition to its other types, and has base power and toughness 1/1."
Darkness Descends,False,False,,,,,Put two -1/-1 counters on each creature.
Dawn-Blessed Pennant,True,False,,,,,"As this artifact enters, choose Elemental, Elf, Faerie, Giant, Goblin, Kithkin, Merfolk, or Treefolk.
Whenever a permanent you control of the chosen type enters, you gain 1 life.
{2}, {T}, Sacrifice this artifact: Return target card of the chosen type from your graveyard to your hand."
Dawn's Light Archer,False,False,,,,,"Flash
Reach"
Dawnhand Dissident,False,False,,,,,"{T}, Blight 1: Surveil 1.
{T}, Blight 2: Exile target card from a graveyard.
During your turn, you may cast creature spells from among cards you own exiled with this creature by removing three counters from among creatures you control in addition to paying their other costs."
Dawnhand Eulogist,False,False,,elf,3,tribal,"Menace (This creature can't be blocked except by two or more creatures.)
When this creature enters, mill three cards. Then if there is an Elf card in your graveyard, each opponent loses 2 life and you gain 2 life. (To mill three cards, put the top three cards of your library into your graveyard.)"
Deceit,False,False,,,,,"When this creature enters, if {U}{U} was spent to cast it, return up to one other target nonland permanent to its owner's hand.
When this creature enters, if {B}{B} was spent to cast it, target opponent reveals their hand. You choose a nonland card from it. That player discards that card.
Evoke {U/B}{U/B}"
Deepchannel Duelist,False,False,,merfolk,5,tribal,"At the beginning of your end step, untap target Merfolk you control.
Other Merfolk you control get +1/+1."
Deepway Navigator,False,False,,merfolk,4,tribal,"Flash
When this creature enters, untap each other Merfolk you control.
As long as you attacked with three or more Merfolk this turn, Merfolk you control get +1/+0."
Disruptor of Currents,False,False,,,,,"Flash
Convoke (Your creatures can help cast this spell. Each creature you tap while casting this spell pays for {1} or one mana of that creature's color.)
When this creature enters, return up to one other target nonland permanent to its owner's hand."
"Doran, Besieged by Time",False,False,,,,,"Each creature spell you cast with toughness greater than its power costs {1} less to cast.
Whenever a creature you control attacks or blocks, it gets +X/+X until end of turn, where X is the difference between its power and toughness."
Dose of Dawnglow,False,False,,,,,"Return target creature card from your graveyard to the battlefield. Then if it isn't your main phase, blight 2. (Put two -1/-1 counters on a creature you control.)"
Dream Harvest,False,False,,,,,"Each opponent exiles cards from the top of their library until they have exiled cards with total mana value 5 or greater this way. Until end of turn, you may cast cards exiled this way without paying their mana costs."
Dream Seizer,False,False,,,,,"Flying
When this creature enters, you may blight 1. If you do, each opponent discards a card. (To blight 1, put a -1/-1 counter on a creature you control.)"
Dundoolin Weaver,False,False,,,,,"When this creature enters, if you control three or more creatures, return target permanent card from your graveyard to your hand."
Eclipsed Boggart,False,False,,goblin,5,tribal,"When this creature enters, look at the top four cards of your library. You may reveal a Goblin, Swamp, or Mountain card from among them and put it into your hand. Put the rest on the bottom of your library in a random order."
Eclipsed Elf,False,False,,elf,5,tribal,"When this creature enters, look at the top four cards of your library. You may reveal an Elf, Swamp, or Forest card from among them and put it into your hand. Put the rest on the bottom of your library in a random order."
Eclipsed Flamekin,False,False,,elemental,5,tribal,"When this creature enters, look at the top four cards of your library. You may reveal an Elemental, Island, or Mountain card from among them and put it into your hand. Put the rest on the bottom of your library in a random order."
Eclipsed Kithkin,False,False,,kithkin,5,tribal,"When this creature enters, look at the top four cards of your library. You may reveal a Kithkin, Forest, or Plains card from among them and put it into your hand. Put the rest on the bottom of your library in a random order."
Eclipsed Merrow,False,False,,merfolk,5,tribal,"When this creature enters, look at the top four cards of your library. You may reveal a Merfolk, Plains, or Island card from among them and put it into your hand. Put the rest on the bottom of your library in a random order."
Eclipsed Realms,False,True,WUBRG,,,,"As this land enters, choose Elemental, Elf, Faerie, Giant, Goblin, Kithkin, Merfolk, or Treefolk.
{T}: Add {C}.
{T}: Add one mana of any color. Spend this mana only to cast a spell of the chosen type or activate an ability of a source of the chosen type."
"Eirdu, Carrier of Dawn // Isilu, Carrier of Twilight",False,False,,,,,"Flying, lifelink
Creature spells you cast have convoke. (Your creatures can help cast those spells. Each creature you tap while casting a creature spell pays for {1} or one mana of that creature's color.)
At the beginning of your first main phase, you may pay {B}. If you do, transform Eirdu."
Elder Auntie,False,False,,goblin,4,tribal,"When this creature enters, create a 1/1 black and red Goblin creature token."
Emptiness,False,False,,,,,"When this creature enters, if {W}{W} was spent to cast it, return target creature card with mana value 3 or less from your graveyard to the battlefield.
When this creature enters, if {B}{B} was spent to cast it, put three -1/-1 counters on up to one target creature.
Evoke {W/B}{W/B}"
Encumbered Reejerey,False,False,,,,,"This creature enters with three -1/-1 counters on it.
Whenever this creature becomes tapped while it has a -1/-1 counter on it, remove a -1/-1 counter from it."
End-Blaze Epiphany,False,False,,,,,"End-Blaze Epiphany deals X damage to target creature. When that creature dies this turn, exile a number of cards from the top of your library equal to its power, then choose a card exiled this way. Until the end of your next turn, you may play that card."
Enraged Flamecaster,False,False,,,,,"Reach
Whenever you cast a spell with mana value 4 or greater, this creature deals 2 damage to each opponent."
Evershrike's Gift,False,False,,,,,"Enchant creature
Enchanted creature gets +1/+0 and has flying.
{1}{W}, Blight 2: Return this card from your graveyard to your hand. Activate only as a sorcery. (To blight 2, put two -1/-1 counters on a creature you control.)"
Evolving Wilds,False,False,,,,,"{T}, Sacrifice this land: Search your library for a basic land card, put it onto the battlefield tapped, then shuffle."
Explosive Prodigy,False,False,,,,,"Vivid — When this creature enters, it deals X damage to target creature an opponent controls, where X is the number of colors among permanents you control."
Feed the Flames,True,False,,,,,"Feed the Flames deals 5 damage to target creature. If that creature would die this turn, exile it instead."
Feisty Spikeling,False,False,,,,,"Changeling (This card is every creature type.)
During your turn, this creature has first strike."
Figure of Fable,False,False,,,,,"{G/W}: This creature becomes a Kithkin Scout with base power and toughness 2/3.
{1}{G/W}{G/W}: If this creature is a Scout, it becomes a Kithkin Soldier with base power and toughness 4/5.
{3}{G/W}{G/W}{G/W}: If this creature is a Soldier, it becomes a Kithkin Avatar with base power and toughness 7/8 and protection from each of your opponents."
Firdoch Core,False,True,WUBRG,,,,"Changeling (This card is every creature type.)
{T}: Add one mana of any color.
{4}: This artifact becomes a 4/4 artifact creature until end of turn."
Flame-Chain Mauler,False,False,,,,,{1}{R}: This creature gets +1/+0 and gains menace until end of turn. (It can't be blocked except by two or more creatures.)
Flamebraider,False,True,WUBRG,elemental,4,tribal,{T}: Add two mana in any combination of colors. Spend this mana only to cast Elemental spells or activate abilities of Elemental sources.
Flamekin Gildweaver,False,True,WUBRG,,,,"Trample
When this creature enters, create a Treasure token. (It's an artifact with ""{T}, Sacrifice this token: Add one mana of any color."")"
Flaring Cinder,False,False,,,,,"When this creature enters and whenever you cast a spell with mana value 4 or greater, you may discard a card. If you do, draw a card."
Flitterwing Nuisance,False,False,,,,,"Flying
This creature enters with a -1/-1 counter on it.
{2}{U}, Remove a counter from this creature: Whenever a creature you control deals combat damage to a player or planeswalker this turn, draw a card."
Flock Impostor,False,False,,,,,"Changeling (This card is every creature type.)
Flash
Flying
When this creature enters, return up to one other target creature you control to its owner's hand."
Foraging Wickermaw,False,True,WUBRG,,,,"When this creature enters, surveil 1. (Look at the top card of your library. You may put it into your graveyard.)
{1}: Add one mana of any color. This creature becomes that color until end of turn. Activate only once each turn."
Forest,False,True,G,,,,({T}: Add {G}.)
Formidable Speaker,False,False,,,,,"When this creature enters, you may discard a card. If you do, search your library for a creature card, reveal it, put it into your hand, then shuffle.
{1}, {T}: Untap another target permanent."
Gallant Fowlknight,False,False,,kithkin,4,tribal,"When this creature enters, creatures you control get +1/+0 until end of turn. Kithkin creatures you control also gain first strike until end of turn."
Gangly Stompling,False,False,,,,,"Changeling (This card is every creature type.)
Trample"
Gathering Stone,False,False,,,,,"As this artifact enters, choose a creature type.
Spells you cast of the chosen type cost {1} less to cast.
When this artifact enters and at the beginning of your upkeep, look at the top card of your library. If it's a card of the chosen type, you may reveal it and put it into your hand. If you don't put the card into your hand, you may put it into your graveyard."
Giantfall,False,False,,,,,"Choose one —
• Target creature you control deals damage equal to its power to target creature an opponent controls.
• Destroy target artifact."
Gilt-Leaf's Embrace,False,False,,,,,"Flash
Enchant creature
When this Aura enters, enchanted creature gains trample and indestructible until end of turn. (Damage and effects that say ""destroy"" don't destroy it. If its toughness is 0 or less, it still dies.)
Enchanted creature gets +2/+0."
Glamer Gifter,False,False,,,,,"Flash
Flying
When this creature enters, choose up to one other target creature. Until end of turn, that creature has base power and toughness 4/4 and gains all creature types."
Glamermite,False,False,,,,,"Flash
Flying
When this creature enters, choose one —
• Tap target creature.
• Untap target creature."
Glen Elendra Guardian,False,False,,,,,"Flash
Flying
This creature enters with a -1/-1 counter on it.
{1}{U}, Remove a counter from this creature: Counter target noncreature spell. Its controller draws a card."
Glen Elendra's Answer,False,False,,faerie,7,tribal,"This spell can't be countered.
Counter all spells your opponents control and all abilities your opponents control. Create a 1/1 blue and black Faerie creature token with flying for each spell and ability countered this way."
Glister Bairn,False,False,,,,,"Vivid — At the beginning of combat on your turn, another target creature you control gets +X/+X until end of turn, where X is the number of colors among permanents you control."
Gloom Ripper,False,False,,elf,7,tribal,"When this creature enters, target creature you control gets +X/+0 until end of turn and up to one target creature an opponent controls gets -0/-X until end of turn, where X is the number of Elves you control plus the number of Elf cards in your graveyard."
Gnarlbark Elm,True,False,,,,,"This creature enters with two -1/-1 counters on it.
{2}{B}, Remove two counters from this creature: Target creature gets -2/-2 until end of turn. Activate only as a sorcery."
Goatnap,True,False,,,,,"Gain control of target creature until end of turn. Untap that creature. It gains haste until end of turn. If that creature is a Goat, it also gets +3/+0 until end of turn."
Goldmeadow Nomad,False,False,,kithkin,4,tribal,"{W}, Exile this card from your graveyard: Create a 1/1 green and white Kithkin creature token. Activate only as a sorcery."
Goliath Daydreamer,False,False,,,,,"Whenever you cast an instant or sorcery spell from your hand, exile that card with a dream counter on it instead of putting it into your graveyard as it resolves.
Whenever this creature attacks, you may cast a spell from among cards you own in exile with dream counters on them without paying its mana cost."
Gravelgill Scoundrel,False,False,,,,,"Vigilance
Whenever this creature attacks, you may tap another untapped creature you control. If you do, this creature can't be blocked this turn."
Graveshifter,False,False,,,,,"Changeling (This card is every creature type.)
When this creature enters, you may return target creature card from your graveyard to your hand."
Great Forest Druid,False,True,WUBRG,,,,{T}: Add one mana of any color.
Gristle Glutton,False,False,,,,,"{T}, Blight 1: Discard a card. If you do, draw a card. (To blight 1, put a -1/-1 counter on a creature you control.)"
"Grub, Storied Matriarch // Grub, Notorious Auntie",False,False,,goblin,4,tribal,"Menace
Whenever this creature enters or transforms into Grub, Storied Matriarch, return up to one target Goblin card from your graveyard to your hand.
At the beginning of your first main phase, you may pay {R}. If you do, transform Grub."
Grub's Command,True,False,,goblin,4,tribal,"Choose two —
• Create a token that's a copy of target Goblin you control.
• Creatures target player controls get +1/+1 and gain haste until end of turn.
• Destroy target artifact or creature.
• Target player mills five cards, then puts each Goblin card milled this way into their hand."
Gutsplitter Gang,False,False,,,,,"At the beginning of your first main phase, you may blight 2. If you don't, you lose 3 life. (To blight 2, put two -1/-1 counters on a creature you control.)"
Hallowed Fountain,False,True,WU,,,,"({T}: Add {W} or {U}.)
As this land enters, you may pay 2 life. If you don't, it enters tapped."
Harmonized Crescendo,False,False,,,,,"Convoke (Your creatures can help cast this spell. Each creature you tap while casting this spell pays for {1} or one mana of that creature's color.)
Choose a creature type. Draw a card for each permanent you control of that type."
Heirloom Auntie,False,False,,,,,"This creature enters with two -1/-1 counters on it.
Whenever another creature you control dies, surveil 1, then remove a -1/-1 counter from this creature. (To surveil 1, look at the top card of your library. You may put it into your graveyard.)"
Hexing Squelcher,False,False,,,,,"This spell can't be countered.
Ward—Pay 2 life.
Spells you control can't be countered.
Other creatures you control have ""Ward—Pay 2 life."""
High Perfect Morcant,False,False,,elf,7,tribal,"Whenever High Perfect Morcant or another Elf you control enters, each opponent blights 1. (They each put a -1/-1 counter on a creature they control.)
Tap three untapped Elves you control: Proliferate. Activate only as a sorcery. (Choose any number of permanents and/or players, then give each another counter of each kind already there.)"
Hovel Hurler,False,False,,,,,"This creature enters with two -1/-1 counters on it.
{R/W}{R/W}, Remove a counter from this creature: Another target creature you control gets +1/+0 and gains flying until end of turn. Activate only as a sorcery."
Illusion Spinners,False,False,,faerie,3,tribal,"You may cast this spell as though it had flash if you control a Faerie.
Flying
This creature has hexproof as long as it's untapped. (It can't be the target of spells or abilities your opponents control.)"
Impolite Entrance,False,False,,,,,"Target creature gains trample and haste until end of turn.
Draw a card."
Iron-Shield Elf,False,False,,,,,"Discard a card: This creature gains indestructible until end of turn. Tap it. (Damage and effects that say ""destroy"" don't destroy it. If its toughness is 0 or less, it still dies.)"
Island,False,True,U,,,,({T}: Add {U}.)
Keep Out,True,False,,,,,"Choose one —
• Keep Out deals 4 damage to target tapped creature.
• Destroy target enchantment."
Kinbinding,False,False,,kithkin,4,tribal,"Creatures you control get +X/+X, where X is the number of creatures that entered the battlefield under your control this turn.
At the beginning of combat on your turn, create a 1/1 green and white Kithkin creature token."
Kindle the Inner Flame,False,False,,elemental,3,tribal,"Create a token that's a copy of target creature you control, except it has haste and ""At the beginning of the end step, sacrifice this token.""
Flashback—{1}{R}, Behold three Elementals. (You may cast this card from your graveyard for its flashback cost. Then exile it. To behold an Elemental, choose an Elemental you control or reveal an Elemental card from your hand.)"
Kinsbaile Aspirant,False,False,,kithkin,7,tribal,"As an additional cost to cast this spell, behold a Kithkin or pay {2}. (To behold a Kithkin, choose a Kithkin you control or reveal a Kithkin card from your hand.)
Whenever another creature you control enters, this creature gets +1/+1 until end of turn."
Kinscaer Sentry,False,False,,,,,"First strike, lifelink
Whenever this creature attacks, you may put a creature card with mana value X or less from your hand onto the battlefield tapped and attacking, where X is the number of attacking creatures you control."
"Kirol, Attentive First-Year",False,False,,,,,Tap two untapped creatures you control: Copy target triggered ability you control. You may choose new targets for the copy. Activate only once each turn.
Kithkeeper,False,False,,kithkin,7,tribal,"Vivid — When this creature enters, create X 1/1 green and white Kithkin creature tokens, where X is the number of colors among permanents you control.
Tap three untapped creatures you control: This creature gets +3/+0 and gains flying until end of turn."
Kulrath Mystic,False,False,,,,,"Whenever you cast a spell with mana value 4 or greater, this creature gets +2/+0 and gains vigilance until end of turn."
Kulrath Zealot,False,False,,,,,"When this creature enters, exile the top card of your library. Until the end of your next turn, you may play that card.
Basic landcycling {1}{R} ({1}{R}, Discard this card: Search your library for a basic land card, reveal it, put it into your hand, then shuffle.)"
Lasting Tarfire,False,False,,,,,"At the beginning of each end step, if you put a counter on a creature this turn, this enchantment deals 2 damage to each opponent."
Lavaleaper,False,True,WUBRG,,,,"All creatures have haste.
Whenever a player taps a basic land for mana, that player adds one mana of any type that land produced."
Liminal Hold,False,False,,,,,"When this enchantment enters, exile up to one target nonland permanent an opponent controls until this enchantment leaves the battlefield. You gain 2 life."
"Lluwen, Imperfect Naturalist",False,False,,,,,"When Lluwen enters, mill four cards, then you may put a creature or land card from among the milled cards on top of your library.
{2}{B/G}{B/G}{B/G}, {T}, Discard a land card: Create a 1/1 black and green Worm creature token for each land card in your graveyard."
Loch Mare,False,False,,,,,"This creature enters with three -1/-1 counters on it.
{1}{U}, Remove a counter from this creature: Draw a card.
{2}{U}, Remove two counters from this creature: Tap target creature. Put a stun counter on it. (If a permanent with a stun counter would become untapped, remove one from it instead.)"
Lofty Dreams,False,False,,,,,"Convoke (Your creatures can help cast this spell. Each creature you tap while casting this spell pays for {1} or one mana of that creature's color.)
Enchant creature
When this Aura enters, draw a card.
Enchanted creature gets +2/+2 and has flying."
Luminollusk,False,False,,,,,"Deathtouch
Vivid — When this creature enters, you gain life equal to the number of colors among permanents you control."
Lys Alana Dignitary,False,True,G,elf,3,tribal,"As an additional cost to cast this spell, behold an Elf or pay {2}. (To behold an Elf, choose an Elf you control or reveal an Elf card from your hand.)
{T}: Add {G}{G}. Activate only if there is an Elf card in your graveyard."
Lys Alana Informant,False,False,,,,,"When this creature enters or dies, surveil 1. (Look at the top card of your library. You may put it into your graveyard.)"
"Maralen, Fae Ascendant",False,False,,"elf,faerie",7,tribal,"Flying
Whenever Maralen or another Elf or Faerie you control enters, exile the top two cards of target opponent's library.
Once each turn, you may cast a spell with mana value less than or equal to the number of Elves and Faeries you control from among cards exiled with Maralen this turn without paying its mana cost."
Meanders Guide,False,False,,merfolk,7,tribal,"Whenever this creature attacks, you may tap another untapped Merfolk you control. When you do, return target creature card with mana value 3 or less from your graveyard to the battlefield."
Meek Attack,False,False,,,,,"{1}{R}: You may put a creature card with total power and toughness 5 or less from your hand onto the battlefield. That creature gains haste. At the beginning of the next end step, sacrifice that creature."
Merrow Skyswimmer,False,False,,merfolk,4,tribal,"Convoke (Your creatures can help cast this spell. Each creature you tap while casting this spell pays for {1} or one mana of that creature's color.)
Flying, vigilance
When this creature enters, create a 1/1 white and blue Merfolk creature token."
Midnight Tilling,False,False,,,,,"Mill four cards, then you may return a permanent card from among them to your hand. (To mill four cards, put the top four cards of your library into your graveyard.)"
Mirrorform,False,False,,,,,Each nonland permanent you control becomes a copy of target non-Aura permanent.
Mirrormind Crown,False,False,,,,,"As long as this Equipment is attached to a creature, the first time you would create one or more tokens each turn, you may instead create that many tokens that are copies of equipped creature.
Equip {2}"
Mischievous Sneakling,False,False,,,,,"Changeling (This card is every creature type.)
Flash"
Mistmeadow Council,False,False,,kithkin,3,tribal,"This spell costs {1} less to cast if you control a Kithkin.
When this creature enters, draw a card."
Moon-Vigil Adherents,False,False,,,,,"Trample
This creature gets +1/+1 for each creature you control and each creature card in your graveyard."
Moonglove Extractor,False,False,,,,,"Whenever this creature attacks, you draw a card and lose 1 life."
Moonlit Lamenter,False,False,,,,,"This creature enters with a -1/-1 counter on it.
{1}{W}, Remove a counter from this creature: Draw a card. Activate only as a sorcery."
Moonshadow,False,False,,,,,"Menace
This creature enters with six -1/-1 counters on it.
Whenever one or more permanent cards are put into your graveyard from anywhere while this creature has a -1/-1 counter on it, remove a -1/-1 counter from this creature."
Morcant's Eyes,False,False,,elf,4,tribal,"At the beginning of your upkeep, surveil 1. (Look at the top card of your library. You may put it into your graveyard.)
{4}{G}{G}, Sacrifice this enchantment: Create X 2/2 black and green Elf creature tokens, where X is the number of Elf cards in your graveyard. Activate only as a sorcery."
Morcant's Loyalist,False,False,,elf,5,tribal,"Other Elves you control get +1/+1.
When this creature dies, return another target Elf card from your graveyard to your hand."
Morningtide's Light,False,False,,,,,"Exile any number of target creatures. At the beginning of the next end step, return those cards to the battlefield tapped under their owners' control.
Until your next turn, prevent all damage that would be dealt to you.
Exile Morningtide's Light."
Mornsong Aria,False,False,,,,,"Players can't draw cards or gain life.
At the beginning of each player's draw step, that player loses 3 life, searches their library for a card, puts it into their hand, then shuffles."
Mountain,False,True,R,,,,({T}: Add {R}.)
Mudbutton Cursetosser,True,False,,goblin,3,tribal,"As an additional cost to cast this spell, behold a Goblin or pay {2}. (To behold a Goblin, choose a Goblin you control or reveal a Goblin card from your hand.)
This creature can't block.
When this creature dies, destroy target creature an opponent controls with power 2 or less."
Mutable Explorer,False,False,,,,,"Changeling (This card is every creature type.)
When this creature enters, create a tapped Mutavault token. (It's a land with ""{T}: Add {C}"" and ""{1}: This token becomes a 2/2 creature with all creature types until end of turn. It's still a land."")"
Nameless Inversion,False,False,,,,,"Changeling (This card is every creature type.)
Target creature gets +3/-3 and loses all creature types until end of turn."
Nightmare Sower,False,False,,,,,"Flying, lifelink
Whenever you cast a spell during an opponent's turn, put a -1/-1 counter on up to one target creature."
Noggle Robber,False,True,WUBRG,,,,"When this creature enters or dies, create a Treasure token. (It's an artifact with ""{T}, Sacrifice this token: Add one mana of any color."")"
Noggle the Mind,False,False,,,,,"Flash
Enchant creature
Enchanted creature loses all abilities and is a colorless Noggle with base power and toughness 1/1. (It loses all colors and all other creature types.)"
"Oko, Lorwyn Liege // Oko, Shadowmoor Scion",True,False,,,,,"At the beginning of your first main phase, you may pay {G}. If you do, transform Oko.
+2: Up to one target creature gains all creature types. (This effect doesn't end.)
+1: Target creature gets -2/-0 until your next turn."
Omni-Changeling,False,False,,,,,"Changeling (This card is every creature type.)
Convoke (Your creatures can help cast this spell. Each creature you tap while casting this spell pays for {1} or one mana of that creature's color.)
You may have this creature enter as a copy of any creature on the battlefield, except it has changeling."
Overgrown Tomb,False,True,BG,,,,"({T}: Add {B} or {G}.)
As this land enters, you may pay 2 life. If you don't, it enters tapped."
Perfect Intimidation,False,False,,,,,"Choose one or both —
• Target opponent exiles two cards from their hand.
• Remove all counters from target creature."
Personify,True,False,,,,,"Exile target creature you control, then return that card to the battlefield under its owner's control. Create a 1/1 colorless Shapeshifter creature token with changeling. (It's every creature type.)"
Pestered Wellguard,False,False,,faerie,4,tribal,"Whenever this creature becomes tapped, create a 1/1 blue and black Faerie creature token with flying."
Pitiless Fists,True,False,,,,,"Enchant creature you control
When this Aura enters, enchanted creature fights up to one target creature an opponent controls. (Each deals damage equal to its power to the other.)
Enchanted creature gets +2/+2."
Plains,False,True,W,,,,({T}: Add {W}.)
Prideful Feastling,False,False,,,,,"Changeling (This card is every creature type.)
Lifelink"
Prismabasher,False,False,,,,,"Trample
Vivid — When this creature enters, up to X target creatures you control get +X/+X until end of turn, where X is the number of colors among permanents you control."
Prismatic Undercurrents,False,False,,,,,"Vivid — When this enchantment enters, search your library for up to X basic land cards, where X is the number of colors among permanents you control. Reveal those cards, put them into your hand, then shuffle.
You may play an additional land on each of your turns."
Protective Response,True,False,,,,,"Convoke (Your creatures can help cast this spell. Each creature you tap while casting this spell pays for {1} or one mana of that creature's color.)
Destroy target attacking or blocking creature."
Puca's Eye,False,False,,,,,"When this artifact enters, draw a card, then choose a color. This artifact becomes the chosen color.
{3}, {T}: Draw a card. Activate only if there are five colors among permanents you control."
Pummeler for Hire,False,False,,giant,4,tribal,"Vigilance, reach
Ward {2} (Whenever this creature becomes the target of a spell or ability an opponent controls, counter it unless that player pays {2}.)
When this creature enters, you gain X life, where X is the greatest power among Giants you control."
Pyrrhic Strike,True,False,,,,,"As an additional cost to cast this spell, you may blight 2. (You may put two -1/-1 counters on a creature you control.)
Choose one. If this spell's additional cost was paid, choose both instead.
• Destroy target artifact or enchantment.
• Destroy target creature with mana value 3 or greater."
Raiding Schemes,False,False,,,,,"Each noncreature spell you cast has conspire. (As you cast a noncreature spell, you may tap two untapped creatures you control that share a color with it. When you do, copy it and you may choose new targets for the copy. A copy of a permanent spell becomes a token.)"
Reaping Willow,False,False,,,,,"Lifelink
This creature enters with two -1/-1 counters on it.
{1}{W/B}, Remove two counters from this creature: Return target creature card with mana value 3 or less from your graveyard to the battlefield. Activate only as a sorcery."
Reckless Ransacking,False,True,WUBRG,,,,"Target creature gets +3/+2 until end of turn. Create a Treasure token. (It's an artifact with ""{T}, Sacrifice this token: Add one mana of any color."")"
Reluctant Dounguard,False,False,,,,,"This creature enters with two -1/-1 counters on it.
Whenever another creature you control enters while this creature has a -1/-1 counter on it, remove a -1/-1 counter from this creature."
Requiting Hex,True,False,,,,,"As an additional cost to cast this spell, you may blight 1. (You may put a -1/-1 counter on a creature you control.)
Destroy target creature with mana value 2 or less. If this spell's additional cost was paid, you gain 2 life."
Retched Wretch,False,False,,,,,"When this creature dies, if it had a -1/-1 counter on it, return it to the battlefield under its owner's control and it loses all abilities."
"Rhys, the Evermore",False,False,,,,,"Flash
When Rhys enters, another target creature you control gains persist until end of turn. (When it dies, if it had no -1/-1 counters on it, return it to the battlefield under its owner's control with a -1/-1 counter on it.)
{W}, {T}: Remove any number of counters from target creature you control. Activate only as a sorcery."
Rime Chill,False,False,,,,,"Vivid — This spell costs {1} less to cast for each color among permanents you control.
Tap up to two target creatures. Put a stun counter on each of them. (If a permanent with a stun counter would become untapped, remove one from it instead.)
Draw a card."
Rimefire Torque,False,False,,,,,"As this artifact enters, choose a creature type.
Whenever a permanent you control of the chosen type enters, put a charge counter on this artifact.
{T}, Remove three charge counters from this artifact: When you next cast an instant or sorcery spell this turn, copy it. You may choose new targets for the copy."
Rimekin Recluse,False,False,,,,,"When this creature enters, return up to one other target creature to its owner's hand."
Riverguard's Reflexes,False,False,,,,,Target creature gets +2/+2 and gains first strike until end of turn. Untap it.
Rooftop Percher,False,False,,,,,"Changeling (This card is every creature type.)
Flying
When this creature enters, exile up to two target cards from graveyards. You gain 3 life."
Run Away Together,False,False,,,,,Choose two target creatures controlled by different players. Return those creatures to their owners' hands.
Safewright Cavalry,False,False,,elf,4,tribal,"This creature can't be blocked by more than one creature.
{5}: Target Elf you control gets +2/+2 until end of turn."
"Sanar, Innovative First-Year",False,False,,,,,"Vivid — At the beginning of your first main phase, reveal cards from the top of your library until you reveal X nonland cards, where X is the number of colors among permanents you control. For each of those colors, you may exile a card of that color from among the revealed cards. Then shuffle. You may cast the exiled cards this turn."
Sapling Nursery,False,False,,treefolk,7,tribal,"Affinity for Forests (This spell costs {1} less to cast for each Forest you control.)
Landfall — Whenever a land you control enters, create a 3/4 green Treefolk creature token with reach.
{1}{G}, Exile this enchantment: Treefolk and Forests you control gain indestructible until end of turn."
Scarblade Scout,False,False,,,,,"Lifelink
When this creature enters, mill two cards. (Put the top two cards of your library into your graveyard.)"
Scarblade's Malice,False,False,,elf,4,tribal,"Target creature you control gains deathtouch and lifelink until end of turn. When that creature dies this turn, create a 2/2 black and green Elf creature token."
Scuzzback Scrounger,False,True,WUBRG,,,,"At the beginning of your first main phase, you may blight 1. If you do, create a Treasure token. (To blight 1, put a -1/-1 counter on a creature you control. A Treasure token is an artifact with ""{T}, Sacrifice this token: Add one mana of any color."")"
Sear,True,False,,,,,Sear deals 4 damage to target creature or planeswalker.
Selfless Safewright,False,False,,,,,"Flash
Convoke (Your creatures can help cast this spell. Each creature you tap while casting this spell pays for {1} or one mana of that creature's color.)
When this creature enters, choose a creature type. Other permanents you control of that type gain hexproof and indestructible until end of turn."
Shadow Urchin,False,False,,,,,"Whenever this creature attacks, blight 1. (Put a -1/-1 counter on a creature you control.)
Whenever a creature you control with one or more counters on it dies, exile that many cards from the top of your library. Until your next end step, you may play those cards."
Shimmercreep,False,False,,,,,"Menace (This creature can't be blocked except by two or more creatures.)
Vivid — When this creature enters, each opponent loses X life and you gain X life, where X is the number of colors among permanents you control."
Shimmerwilds Growth,False,True,WUBRG,,,,"Enchant land
As this Aura enters, choose a color.
Enchanted land is the chosen color.
Whenever enchanted land is tapped for mana, its controller adds an additional one mana of the chosen color."
Shinestriker,False,False,,,,,"Flying
Vivid — When this creature enters, draw cards equal to the number of colors among permanents you control."
Shore Lurker,False,False,,,,,"Flying
When this creature enters, surveil 1. (Look at the top card of your library. You may put it into your graveyard.)"
Silvergill Mentor,False,False,,merfolk,3,tribal,"As an additional cost to cast this spell, behold a Merfolk or pay {2}. (To behold a Merfolk, choose a Merfolk you control or reveal a Merfolk from your hand.)
When this creature enters, create a 1/1 white and blue Merfolk creature token."
Silvergill Peddler,False,False,,,,,"Whenever this creature becomes tapped, draw a card, then discard a card."
Sizzling Changeling,False,False,,,,,"Changeling (This card is every creature type.)
When this creature dies, exile the top card of your library. Until the end of your next turn, you may play that card."
Slumbering Walker,False,False,,,,,"This creature enters with two -1/-1 counters on it.
At the beginning of your end step, you may remove a counter from this creature. When you do, return target creature card with power 2 or less from your graveyard to the battlefield."
Soul Immolation,False,False,,,,,"As an additional cost to cast this spell, blight X. X can't be greater than the greatest toughness among creatures you control. (Put X -1/-1 counters on a creature you control.)
Soul Immolation deals X damage to each opponent and each creature they control."
Soulbright Seeker,False,True,R,elemental,3,tribal,"As an additional cost to cast this spell, behold an Elemental or pay {2}. (To behold an Elemental, choose an Elemental you control or reveal an Elemental card from your hand.)
{R}: Target creature you control gains trample until end of turn. If this is the third time this ability has resolved this turn, add {R}{R}{R}{R}."
Sourbread Auntie,False,False,,goblin,4,tribal,"When this creature enters, you may blight 2. If you do, create two 1/1 black and red Goblin creature tokens. (To blight 2, put two -1/-1 counters on a creature you control.)"
Spell Snare,False,False,,,,,Counter target spell with mana value 2.
Spinerock Tyrant,False,False,,,,,"Flying
Wither (This deals damage to creatures in the form of -1/-1 counters.)
Whenever you cast an instant or sorcery spell with a single target, you may copy it. If you do, those spells gain wither. You may choose new targets for the copy."
Spiral into Solitude,True,False,,,,,"Enchant creature
Enchanted creature can't attack or block.
{1}{W}, Blight 1, Sacrifice this Aura: Exile enchanted creature. (To blight 1, put a -1/-1 counter on a creature you control.)"
Springleaf Drum,False,True,WUBRG,,,,"{T}, Tap an untapped creature you control: Add one mana of any color."
Spry and Mighty,False,False,,,,,"Choose two creatures you control. You draw X cards and the chosen creatures get +X/+X and gain trample until end of turn, where X is the difference between the chosen creatures' powers."
Squawkroaster,False,False,,,,,"Double strike
Vivid — Squawkroaster's power is equal to the number of colors among permanents you control."
Stalactite Dagger,False,False,,,,,"When this Equipment enters, create a 1/1 colorless Shapeshifter creature token with changeling. (It's every creature type.)
Equipped creature gets +1/+1 and is all creature types.
Equip {2} ({2}: Attach to target creature you control. Equip only as a sorcery.)"
Steam Vents,False,True,UR,,,,"({T}: Add {U} or {R}.)
As this land enters, you may pay 2 life. If you don't, it enters tapped."
Sting-Slinger,False,False,,,,,"{1}{R}, {T}, Blight 1: This creature deals 2 damage to each opponent. (To blight 1, put a -1/-1 counter on a creature you control.)"
Stoic Grove-Guide,False,False,,elf,4,tribal,"{1}{B/G}, Exile this card from your graveyard: Create a 2/2 black and green Elf creature token. Activate only as a sorcery."
Stratosoarer,False,False,,,,,"Flying
When this creature enters, target creature gains flying until end of turn.
Basic landcycling {1}{U} ({1}{U}, Discard this card: Search your library for a basic land card, reveal it, put it into your hand, then shuffle.)"
Summit Sentinel,False,False,,,,,"When this creature dies, draw a card."
Sun-Dappled Celebrant,False,False,,,,,"Convoke (Your creatures can help cast this spell. Each creature you tap while casting this spell pays for {1} or one mana of that creature's color.)
Vigilance"
Sunderflock,False,False,,elemental,4,tribal,"This spell costs {X} less to cast, where X is the greatest mana value among Elementals you control.
Flying
When this creature enters, if you cast it, return all non-Elemental creatures to their owners' hands."
Surly Farrier,False,False,,,,,{T}: Target creature you control gets +1/+1 and gains vigilance until end of turn. Activate only as a sorcery.
Swamp,False,True,B,,,,({T}: Add {B}.)
Swat Away,False,False,,,,,"This spell costs {2} less to cast if a creature is attacking you.
The owner of target spell or creature puts it on their choice of the top or bottom of their library."
"Sygg, Wanderwine Wisdom // Sygg, Wanderbrine Shield",False,False,,,,,"Sygg can't be blocked.
Whenever this creature enters or transforms into Sygg, Wanderwine Wisdom, target creature gains ""Whenever this creature deals combat damage to a player or planeswalker, draw a card"" until end of turn.
At the beginning of your first main phase, you may pay {W}. If you do, transform Sygg."
Sygg's Command,False,False,,merfolk,4,tribal,"Choose two —
• Create a token that's a copy of target Merfolk you control.
• Creatures target player controls gain lifelink until end of turn.
• Target player draws a card.
• Tap target creature. Put a stun counter on it."
"Tam, Mindful First-Year",False,False,,,,,"Each other creature you control has hexproof from each of its colors.
{T}: Target creature you control becomes all colors until end of turn."
Tanufel Rimespeaker,False,False,,,,,"Whenever you cast a spell with mana value 4 or greater, draw a card."
Taster of Wares,False,False,,goblin,7,tribal,"When this creature enters, target opponent reveals X cards from their hand, where X is the number of Goblins you control. You choose one of those cards. That player exiles it. If an instant or sorcery card is exiled this way, you may cast it for as long as you control this creature, and mana of any type can be spent to cast that spell."
Temple Garden,False,True,WG,,,,"({T}: Add {G} or {W}.)
As this land enters, you may pay 2 life. If you don't, it enters tapped."
Temporal Cleansing,False,False,,,,,"Convoke (Your creatures can help cast this spell. Each creature you tap while casting this spell pays for {1} or one mana of that creature's color.)
The owner of target nonland permanent puts it into their library second from the top or on the bottom."
Tend the Sprigs,False,False,,treefolk,3,tribal,"Search your library for a basic land card, put it onto the battlefield tapped, then shuffle. Then if you control seven or more lands and/or Treefolk, create a 3/4 green Treefolk creature token with reach. (It can block creatures with flying.)"
Thirst for Identity,False,False,,,,,Draw three cards. Then discard two cards unless you discard a creature card.
Thoughtweft Charge,False,False,,,,,"Target creature gets +3/+3 until end of turn. If a creature entered the battlefield under your control this turn, draw a card."
Thoughtweft Imbuer,False,False,,kithkin,7,tribal,"Whenever a creature you control attacks alone, it gets +X/+X until end of turn, where X is the number of Kithkin you control."
Thoughtweft Lieutenant,False,False,,kithkin,7,tribal,"Whenever this creature or another Kithkin you control enters, target creature you control gets +1/+1 and gains trample until end of turn."
Timid Shieldbearer,False,False,,,,,{4}{W}: Creatures you control get +1/+1 until end of turn.
Tributary Vaulter,False,False,,merfolk,4,tribal,"Flying
Whenever this creature becomes tapped, another target Merfolk you control gets +2/+0 until end of turn."
"Trystan, Callous Cultivator // Trystan, Penitent Culler",False,False,,elf,3,tribal,"Deathtouch
Whenever this creature enters or transforms into Trystan, Callous Cultivator, mill three cards. Then if there is an Elf card in your graveyard, you gain 2 life.
At the beginning of your first main phase, you may pay {B}. If you do, transform Trystan."
Trystan's Command,True,False,,elf,4,tribal,"Choose two —
• Create a token that's a copy of target Elf you control.
• Return one or two target permanent cards from your graveyard to your hand.
• Destroy target creature or enchantment.
• Creatures target player controls get +3/+3 until end of turn. Untap them."
Tweeze,True,False,,,,,"Tweeze deals 3 damage to any target. You may discard a card. If you do, draw a card."
Twilight Diviner,False,False,,,,,"When this creature enters, surveil 2. (Look at the top two cards of your library, then put any number of them into your graveyard and the rest on top of your library in any order.)
Whenever one or more other creatures you control enter, if they entered or were cast from a graveyard, create a token that's a copy of one of them. This ability triggers only once each turn."
Twinflame Travelers,False,False,,elemental,4,tribal,"Flying
If a triggered ability of another Elemental you control triggers, it triggers an additional time."
Unbury,False,False,,,,,"Choose one —
• Return target creature card from your graveyard to your hand.
• Return two target creature cards that share a creature type from your graveyard to your hand."
Unexpected Assistance,False,False,,,,,"Convoke (Your creatures can help cast this spell. Each creature you tap while casting this spell pays for {1} or one mana of that creature's color.)
Draw three cards, then discard a card."
Unforgiving Aim,True,False,,elf,4,tribal,"Choose one —
• Destroy target creature with flying.
• Destroy target enchantment.
• Create a 2/2 black and green Elf creature token."
Unwelcome Sprite,False,False,,,,,"Flying
Whenever you cast a spell during an opponent's turn, surveil 2. (Look at the top two cards of your library. You may put any number of them into your graveyard and the rest on top of your library in any order.)"
Vibrance,True,False,,,,,"When this creature enters, if {R}{R} was spent to cast it, this creature deals 3 damage to any target.
When this creature enters, if {G}{G} was spent to cast it, search your library for a land card, reveal it, put it into your hand, then shuffle. You gain 2 life.
Evoke {R/G}{R/G}"
Vinebred Brawler,False,False,,elf,4,tribal,"This creature must be blocked if able.
Whenever this creature attacks, another target Elf you control gets +2/+1 until end of turn."
Virulent Emissary,False,False,,,,,"Deathtouch
Whenever another creature you control enters, you gain 1 life."
Voracious Tome-Skimmer,False,False,,,,,"Flying
Whenever you cast a spell during an opponent's turn, you may pay 1 life. If you do, draw a card."
Wanderbrine Preacher,False,False,,,,,"Whenever this creature becomes tapped, you gain 2 life."
Wanderbrine Trapper,False,False,,,,,"{1}, {T}, Tap another untapped creature you control: Tap target creature an opponent controls."
Wanderwine Distracter,False,False,,,,,"Whenever this creature becomes tapped, target creature an opponent controls gets -3/-0 until end of turn."
Wanderwine Farewell,False,False,,merfolk,7,tribal,"Convoke (Your creatures can help cast this spell. Each creature you tap while casting this spell pays for {1} or one mana of that creature's color.)
Return one or two target nonland permanents to their owners' hands. Then if you control a Merfolk, create a 1/1 white and blue Merfolk creature token for each permanent returned to its owner's hand this way."
Warren Torchmaster,False,False,,,,,"At the beginning of combat on your turn, you may blight 1. When you do, target creature gains haste until end of turn. (To blight 1, put a -1/-1 counter on a creature you control.)"
Wary Farmer,False,False,,,,,"At the beginning of your end step, if another creature entered the battlefield under your control this turn, surveil 1. (Look at the top card of your library. You may put it into your graveyard.)"
Wild Unraveling,False,False,,,,,"As an additional cost to cast this spell, blight 2 or pay {1}. (To blight 2, put two -1/-1 counters on a creature you control.)
Counter target spell."
Wildvine Pummeler,False,False,,,,,"Vivid — This spell costs {1} less to cast for each color among permanents you control.
Reach, trample"
Winnowing,False,False,,,,,"Convoke (Your creatures can help cast this spell. Each creature you tap while casting this spell pays for {1} or one mana of that creature's color.)
For each player, you choose a creature that player controls. Then each player sacrifices all other creatures they control that don't share a creature type with the chosen creature they control."
Wistfulness,False,False,,,,,"When this creature enters, if {G}{G} was spent to cast it, exile target artifact or enchantment an opponent controls.
When this creature enters, if {U}{U} was spent to cast it, draw two cards, then discard a card.
Evoke {G/U}{G/U} (You may cast this spell for its evoke cost. If you do, it's sacrificed when it enters.)"
